{
    "filename": "D:/PROJECTS/GVDB_PT/instancer_hda/scenes/vdb/cloud_0.vdb"
}{
    "index": 0,
    "pos_x": -4.780961513519287,
    "pos_y": 0.0,
    "pos_z": -4.841327667236328,
    "scale": 0.8182512521743774
}{
    "index": 1,
    "pos_x": 0.430194616317749,
    "pos_y": 0.0,
    "pos_z": -5.039127349853516,
    "scale": 0.9069374203681946
}{
    "index": 2,
    "pos_x": 5.421056270599365,
    "pos_y": 0.0,
    "pos_z": -4.908195972442627,
    "scale": 0.899162769317627
}{
    "index": 3,
    "pos_x": 0.33326947689056396,
    "pos_y": 0.0,
    "pos_z": -0.032399773597717285,
    "scale": 0.8146933913230896
}{
    "index": 4,
    "pos_x": 5.216407775878906,
    "pos_y": 0.0,
    "pos_z": -0.06294918060302734,
    "scale": 0.7697528004646301
}{
    "index": 5,
    "pos_x": -4.504368782043457,
    "pos_y": 0.0,
    "pos_z": 4.770393371582031,
    "scale": 0.9042689800262451
}{
    "index": 6,
    "pos_x": 4.752434730529785,
    "pos_y": 0.0,
    "pos_z": 4.503857135772705,
    "scale": 0.9875017404556274
}